idx,predictions,probabilities
3,0,0.8366666666666667
9,1,0.5533333333333333
10,0,0.85
18,0,0.7466666666666667
21,0,0.7766666666666666
30,0,0.6466666666666666
31,0,0.5466666666666666
37,1,0.5833333333333334
39,0,0.9233333333333333
47,0,0.7466666666666667
60,0,0.9133333333333333
62,1,0.5266666666666666
63,1,0.66
64,0,0.7066666666666667
68,0,0.8666666666666667
75,1,0.7033333333333334
76,1,0.53
83,0,0.6966666666666667
87,1,0.6766666666666666
92,1,0.52
98,0,0.6266666666666667
106,1,0.5866666666666667
107,0,0.86
113,0,0.5566666666666666
120,1,0.5066666666666667
123,0,0.5466666666666666
125,0,0.5766666666666667
126,0,0.59
128,0,0.8966666666666666
129,0,0.7533333333333333
131,0,0.89
135,1,0.67
141,0,0.93
147,0,0.9033333333333333
148,0,0.8033333333333333
151,0,0.8833333333333333
156,0,0.6533333333333333
157,0,0.7233333333333334
174,0,0.8666666666666667
186,1,0.64
193,0,0.5033333333333333
195,0,0.5733333333333334
212,0,0.9333333333333333
213,1,0.5533333333333333
217,0,0.9833333333333333
223,0,0.8966666666666666
226,0,0.7266666666666667
228,1,0.7033333333333334
230,0,0.9566666666666667
241,1,0.6233333333333333
243,0,0.8166666666666667
249,0,0.6
281,1,0.8133333333333334
288,0,0.92
294,1,0.51
295,0,0.7933333333333333
300,0,0.5566666666666666
302,0,0.54
303,0,0.8233333333333334
308,1,0.56
319,0,0.9266666666666666
320,0,0.9366666666666666
324,0,0.6166666666666667
331,0,0.8166666666666667
343,0,0.8866666666666667
347,0,0.5833333333333334
348,1,0.8766666666666667
350,1,0.7733333333333333
357,0,0.63
358,0,0.9233333333333333
360,0,0.9466666666666667
366,0,0.6833333333333333
367,0,0.5033333333333333
368,0,0.5833333333333334
376,1,0.61
380,0,0.5833333333333334
388,1,0.5366666666666666
396,0,0.7666666666666667
398,0,0.7366666666666667
403,0,0.97
410,1,0.8033333333333333
412,0,0.63
420,1,0.6233333333333333
434,0,0.9566666666666667
440,1,0.54
450,1,0.5866666666666667
453,0,0.7966666666666666
464,0,0.5533333333333333
465,0,0.9133333333333333
466,1,0.7066666666666667
473,0,0.7
476,0,0.6566666666666666
478,0,0.89
479,0,0.68
493,0,0.9133333333333333
497,0,0.6433333333333333
503,0,0.9566666666666667
504,0,0.62
505,0,0.5566666666666666
507,0,0.64
513,0,0.5166666666666667
519,0,0.5466666666666666
521,1,0.7266666666666667
522,1,0.6033333333333334
545,0,0.78
549,0,0.8266666666666667
551,0,0.8333333333333334
556,0,0.9
557,1,0.52
559,0,0.7033333333333334
560,1,0.62
566,0,0.8466666666666667
569,0,0.68
573,0,0.62
578,1,0.6466666666666666
579,0,0.9266666666666666
582,0,0.7766666666666666
596,1,0.81
598,0,0.51
599,0,0.7766666666666666
602,0,0.7933333333333333
605,1,0.7166666666666667
617,0,0.5
619,1,0.5566666666666666
630,0,0.7466666666666667
634,0,0.55
643,1,0.6133333333333333
645,0,0.64
647,0,0.71
649,0,0.83
656,0,0.8333333333333334
657,0,0.6333333333333333
658,0,0.7766666666666666
667,0,0.97
692,0,0.74
693,0,0.6566666666666666
698,1,0.8466666666666667
699,1,0.6166666666666667
700,0,0.85
704,0,0.9266666666666666
707,0,0.8833333333333333
708,1,0.8033333333333333
709,0,0.83
713,0,0.7866666666666666
714,0,0.8166666666666667
716,1,0.61
718,0,0.8433333333333334
722,0,0.9133333333333333
729,0,0.7566666666666667
731,0,0.9066666666666666
733,1,0.7566666666666667
746,1,0.51
747,1,0.6133333333333333
748,1,0.56
753,0,0.69
757,0,0.6066666666666667
763,0,0.66
767,0,0.6933333333333334
774,1,0.8233333333333334
776,1,0.5866666666666667
788,1,0.52
794,0,0.67
799,0,0.7666666666666667
803,0,0.65
806,0,0.6133333333333333
807,0,0.58
811,0,0.8566666666666667
816,0,0.79
818,0,0.7233333333333334
819,0,0.7033333333333334
831,0,0.79
835,0,0.5466666666666666
837,0,0.7166666666666667
841,1,0.67
846,0,0.56
856,1,0.5833333333333334
861,1,0.6333333333333333
862,1,0.6566666666666666
863,1,0.6466666666666666
865,0,0.6
871,1,0.5066666666666667
879,0,0.66
880,0,0.8866666666666667
881,0,0.6433333333333333
885,0,0.66
887,0,0.6733333333333333
892,0,0.9133333333333333
898,0,0.9733333333333334
900,0,0.6633333333333333
904,0,0.5233333333333333
906,1,0.6633333333333333
910,0,0.5366666666666666
912,0,0.5
913,0,0.6066666666666667
919,0,0.8
924,1,0.7333333333333333
925,1,0.66
930,0,0.7466666666666667
940,0,0.6766666666666666
941,0,0.6566666666666666
946,0,0.5533333333333333
949,1,0.7066666666666667
951,0,0.8333333333333334
962,0,0.81
966,0,0.89
967,0,0.9733333333333334
971,1,0.7533333333333333
981,0,0.7666666666666667
982,0,0.89
983,0,0.92
984,0,0.9366666666666666
989,0,0.6966666666666667
990,1,0.61
992,1,0.55
995,0,0.8666666666666667
996,0,0.6266666666666667
998,1,0.59
1001,0,0.7133333333333334
1007,0,0.87
1008,0,0.76
1016,0,0.93
1022,0,0.8966666666666666
1027,0,0.6866666666666666
1032,0,0.72
1033,0,0.7466666666666667
1041,0,0.52
1065,1,0.5366666666666666
1074,1,0.51
1075,0,0.59
1081,0,0.7133333333333334
1094,0,0.8366666666666667
1099,0,0.7766666666666666
1105,0,0.6133333333333333
1123,0,0.65
1135,0,0.8033333333333333
1142,0,0.6166666666666667
1155,0,0.97
1169,0,0.9733333333333334
1176,0,0.94
1178,1,0.5566666666666666
1180,0,0.91
1184,0,0.8733333333333333
1185,1,0.52
1193,0,0.6266666666666667
1196,0,0.7533333333333333
1199,0,0.57
1203,0,0.68
1205,0,0.6933333333333334
1207,0,0.93
1208,1,0.5633333333333334
1212,1,0.6166666666666667
1213,1,0.7066666666666667
1222,0,0.7833333333333333
1223,0,0.5033333333333333
1226,1,0.6066666666666667
1227,0,0.6533333333333333
1229,0,0.84
1230,0,0.6733333333333333
1231,1,0.6433333333333333
1241,0,0.88
1243,0,0.97
1244,0,0.7166666666666667
1246,0,0.6466666666666666
1248,0,0.59
1249,0,0.8766666666666667
1252,0,0.9033333333333333
1261,0,0.6466666666666666
1275,0,0.8733333333333333
1281,1,0.7566666666666667
1285,1,0.5466666666666666
1288,1,0.62
1290,0,0.84
1291,0,0.6766666666666666
1304,1,0.7533333333333333
1305,0,0.82
1323,0,0.8233333333333334
1342,1,0.5866666666666667
1348,0,0.6766666666666666
1353,0,0.5233333333333333
1363,0,0.75
1371,0,0.7033333333333334
1372,0,0.6866666666666666
1378,0,0.6366666666666667
1381,0,0.5866666666666667
1382,1,0.5866666666666667
1393,1,0.63
1394,0,0.9533333333333334
1398,1,0.55
1404,1,0.5333333333333333
1405,0,0.5066666666666667
1419,0,0.5266666666666666
1421,0,0.6333333333333333
1426,0,0.6133333333333333
1431,1,0.5633333333333334
1435,0,0.8533333333333334
1437,0,0.6833333333333333
1438,0,0.5366666666666666
1442,1,0.58
1464,0,0.9266666666666666
1471,0,0.66
1473,0,0.56
1476,0,0.93
1478,0,0.6133333333333333
1479,0,0.5233333333333333
1487,0,0.5033333333333333
1492,1,0.7366666666666667
1496,0,0.9233333333333333
1497,1,0.63
1515,0,0.9366666666666666
1519,0,0.7666666666666667
1522,1,0.5366666666666666
1526,1,0.55
1537,0,0.86
1538,1,0.7866666666666666
1540,0,0.82
1543,0,0.7266666666666667
1548,0,0.71
1549,0,0.6966666666666667
1556,1,0.6466666666666666
1564,0,0.9866666666666667
1570,0,0.6666666666666666
1577,1,0.5433333333333333
1585,0,0.8533333333333334
1590,0,0.7866666666666666
1592,1,0.55
1594,0,0.73
1596,1,0.6133333333333333
1598,0,0.57
1603,0,0.5833333333333334
1607,0,0.58
1612,0,0.9366666666666666
1627,0,0.9666666666666667
1629,1,0.76
1630,0,0.85
1640,0,0.6833333333333333
1641,0,0.6066666666666667
1646,0,0.7166666666666667
1662,0,0.52
1668,0,0.8733333333333333
1671,0,0.9433333333333334
1672,1,0.55
1673,1,0.6833333333333333
1686,0,0.6266666666666667
1688,1,0.79
1696,0,0.94
1701,0,0.92
1707,0,0.8033333333333333
1708,0,0.7666666666666667
1713,0,0.6
1715,0,0.6033333333333334
1717,0,0.92
1721,0,0.8666666666666667
1724,1,0.67
1725,1,0.55
1730,0,0.6233333333333333
1731,1,0.6633333333333333
1734,1,0.61
1740,0,0.8433333333333334
1748,0,0.95
1749,0,0.9
1750,1,0.69
1763,0,0.6
1768,0,0.9433333333333334
1773,1,0.62
1777,0,0.88
1778,1,0.57
1780,0,0.7933333333333333
1782,0,0.5766666666666667
1784,0,0.96
1786,0,0.78
1787,0,0.7966666666666666
1792,0,0.6666666666666666
1800,1,0.5466666666666666
1801,0,0.6966666666666667
1803,0,0.7966666666666666
1804,1,0.5333333333333333
1807,0,0.9733333333333334
1818,0,0.67
1821,0,0.9333333333333333
1822,0,0.9033333333333333
1828,0,0.92
1833,0,0.52
1844,0,0.5233333333333333
1847,1,0.52
1850,0,0.8966666666666666
1854,1,0.5433333333333333
1858,1,0.63
1864,0,0.6233333333333333
1867,0,0.78
1876,1,0.6133333333333333
1880,0,0.65
1881,0,0.7566666666666667
1891,0,0.55
1894,0,0.65
1895,0,0.9633333333333334
1901,0,0.5633333333333334
1905,0,0.9666666666666667
1912,1,0.5633333333333334
1918,1,0.5233333333333333
1921,0,0.7333333333333333
1923,0,0.6866666666666666
1924,0,0.6533333333333333
1931,0,0.88
1941,0,0.9533333333333334
1950,0,0.9366666666666666
1951,0,0.7466666666666667
1954,0,0.9166666666666666
1961,0,0.69
1966,0,0.9366666666666666
1979,0,0.8
1982,0,0.89
1987,1,0.6166666666666667
1997,0,0.79
2004,0,0.9633333333333334
2011,1,0.65
2015,1,0.5666666666666667
2025,0,0.9266666666666666
2033,0,0.59
2034,0,0.9633333333333334
2035,0,0.71
2036,1,0.6966666666666667
2053,1,0.6333333333333333
2059,1,0.7466666666666667
2060,0,0.92
2073,0,0.6366666666666667
2084,1,0.52
2089,0,0.9033333333333333
2092,0,0.7233333333333334
2109,0,0.6566666666666666
2129,1,0.5533333333333333
2134,0,0.5533333333333333
2135,0,0.9433333333333334
2148,0,0.9633333333333334
2149,0,0.9333333333333333
2150,0,0.6233333333333333
2165,1,0.75
2166,0,0.9433333333333334
2168,0,0.92
2170,0,0.6666666666666666
2171,0,0.7866666666666666
2172,0,0.9766666666666667
2176,0,0.6933333333333334
2182,0,0.86
2189,0,0.72
2191,0,0.8066666666666666
2197,0,0.88
2202,0,0.76
2203,0,0.7966666666666666
2204,1,0.5933333333333334
2206,1,0.73
2218,0,0.79
2219,0,0.6333333333333333
2221,0,0.7266666666666667
2226,0,0.8533333333333334
2228,0,0.62
2232,0,0.61
2236,0,0.75
2241,1,0.8366666666666667
2245,0,0.95
2251,1,0.5466666666666666
2255,0,0.9366666666666666
2256,0,0.9833333333333333
2259,0,0.9366666666666666
2263,1,0.5166666666666667
2264,0,0.89
2267,0,0.9
2273,1,0.78
2277,1,0.5666666666666667
2287,0,0.77
2289,0,0.6933333333333334
2291,0,0.7666666666666667
2296,1,0.8266666666666667
2299,0,0.9
2306,0,0.9666666666666667
2314,0,0.7733333333333333
2317,0,0.7733333333333333
2318,1,0.5733333333333334
2321,1,0.8466666666666667
2324,0,0.7233333333333334
2340,0,0.6333333333333333
2343,0,0.9333333333333333
2349,0,0.75
2352,0,0.8333333333333334
2353,0,0.64
2365,1,0.8366666666666667
2370,1,0.7333333333333333
2378,0,0.7266666666666667
2390,1,0.65
2399,0,0.7833333333333333
2402,1,0.7733333333333333
2403,1,0.6133333333333333
2404,0,0.7833333333333333
2414,0,0.6733333333333333
2422,0,0.7066666666666667
2424,0,0.7566666666666667
2430,1,0.5166666666666667
2435,0,0.5333333333333333
2439,0,0.91
2442,0,0.5166666666666667
2445,1,0.51
2449,0,0.7
2451,0,0.57
2461,1,0.6966666666666667
2464,0,0.7066666666666667
2465,0,0.5
2472,0,0.84
2476,1,0.6
2482,0,0.8
2487,0,0.7566666666666667
2498,0,0.75
2501,0,0.9366666666666666
2504,0,0.6
2511,0,0.68
2518,0,0.8466666666666667
2521,0,0.7533333333333333
2530,0,0.8833333333333333
2543,1,0.6
2545,0,0.5433333333333333
2561,0,0.5133333333333333
2566,1,0.5566666666666666
2572,0,0.6233333333333333
2577,0,0.76
2578,0,0.85
2580,0,0.6333333333333333
2581,0,0.68
2582,0,0.8666666666666667
2584,0,0.9666666666666667
2590,0,0.96
2598,0,0.9533333333333334
2602,0,0.7633333333333333
2605,0,0.73
2616,0,0.6066666666666667
2618,0,0.7666666666666667
2619,0,0.6366666666666667
2624,0,0.9466666666666667
2632,0,0.9
2640,0,0.7
2646,0,0.96
2651,0,0.8533333333333334
2660,0,0.96
2661,0,0.9333333333333333
2668,0,0.9166666666666666
2670,0,0.6233333333333333
2680,1,0.66
2681,0,0.9033333333333333
2689,1,0.62
2694,0,0.95
2695,1,0.81
2696,1,0.54
2702,0,0.6166666666666667
2704,0,0.69
2708,0,0.96
2709,0,0.9366666666666666
2714,1,0.5666666666666667
2716,0,0.8233333333333334
2723,0,0.9333333333333333
2725,1,0.5466666666666666
2738,0,0.9133333333333333
2750,1,0.5366666666666666
2756,0,0.52
2758,0,0.8566666666666667
2766,0,0.59
2767,0,0.59
2771,0,0.5833333333333334
2775,0,0.6566666666666666
2776,0,0.76
2779,1,0.7433333333333333
2780,0,0.6933333333333334
2781,0,0.6433333333333333
2782,1,0.5966666666666667
2783,0,0.6766666666666666
2796,1,0.5133333333333333
2798,0,0.6566666666666666
2800,0,0.8433333333333334
2803,0,0.8466666666666667
2806,0,0.9933333333333333
2813,0,0.8533333333333334
2818,0,0.6633333333333333
2821,1,0.5933333333333334
2825,0,0.6333333333333333
2829,0,0.8033333333333333
2830,1,0.71
2833,0,0.8533333333333334
2839,1,0.6233333333333333
2843,0,0.8466666666666667
2846,0,0.8866666666666667
2847,0,0.8633333333333333
2848,0,0.8633333333333333
2856,1,0.7533333333333333
2863,0,0.7433333333333333
2867,0,0.6733333333333333
2869,0,0.71
2873,0,0.9766666666666667
2874,1,0.6333333333333333
2875,1,0.6033333333333334
2880,1,0.7133333333333334
2886,1,0.61
2887,0,0.52
2888,0,0.76
2889,1,0.6833333333333333
2890,1,0.56
2892,0,0.74
2901,0,0.5933333333333334
2902,0,0.8566666666666667
2905,0,0.6566666666666666
2917,0,0.5133333333333333
2922,1,0.72
2924,0,0.86
2930,0,0.65
2931,0,0.8633333333333333
2946,0,0.8066666666666666
2955,0,0.58
2962,0,0.9733333333333334
2964,0,0.95
2965,1,0.5833333333333334
2967,0,0.9066666666666666
2970,0,0.88
2973,1,0.6066666666666667
2974,0,0.74
2976,1,0.7733333333333333
2977,0,0.6333333333333333
2978,0,0.61
2986,0,0.85
2988,0,0.57
2989,0,0.76
2995,1,0.82
3005,1,0.7466666666666667
3011,0,0.8233333333333334
3013,0,0.9066666666666666
3019,1,0.5233333333333333
3021,0,0.8766666666666667
3022,0,0.5033333333333333
3029,0,0.9033333333333333
3037,0,0.7133333333333334
3042,0,0.6366666666666667
3043,0,0.8233333333333334
3049,0,0.8366666666666667
3050,1,0.7
3053,0,0.6433333333333333
3058,1,0.5033333333333333
3062,0,0.6133333333333333
3063,0,0.5633333333333334
3065,0,0.8666666666666667
3080,0,0.9066666666666666
3088,0,0.67
3093,0,0.5
3096,0,0.55
3101,0,0.64
3103,0,0.5866666666666667
3107,0,0.7433333333333333
3109,0,0.89
3111,0,0.7166666666666667
3113,1,0.6433333333333333
3116,0,0.9733333333333334
3132,0,0.64
3141,0,0.8866666666666667
3153,0,0.5766666666666667
3154,0,0.8166666666666667
3160,0,0.83
3167,0,0.93
3170,0,0.5933333333333334
3173,1,0.65
3174,0,0.5533333333333333
3177,0,0.8166666666666667
3179,0,0.6066666666666667
3184,0,0.55
3190,1,0.5033333333333333
3193,0,0.8566666666666667
3199,0,0.5266666666666666
3201,0,0.8566666666666667
3202,0,0.7666666666666667
3203,1,0.67
3206,1,0.7133333333333334
3209,0,0.9766666666666667
3210,1,0.5866666666666667
3217,0,0.6566666666666666
3220,0,0.8633333333333333
3228,0,0.5633333333333334
3232,0,0.9733333333333334
3239,0,0.7433333333333333
3243,0,0.71
3245,0,0.86
3246,1,0.6333333333333333
3251,0,0.9733333333333334
3253,0,0.5366666666666666
3257,0,0.91
3260,0,0.94
3261,0,0.6533333333333333
3263,0,0.64
3278,0,0.8566666666666667
3281,0,0.6766666666666666
3283,0,0.7333333333333333
3290,0,0.9233333333333333
3297,1,0.57
3304,0,0.96
3305,0,0.5366666666666666
3307,0,0.8666666666666667
3308,0,0.7166666666666667
3313,0,0.6866666666666666
3314,0,0.71
3317,0,0.6633333333333333
3348,0,0.8566666666666667
3350,0,0.5733333333333334
3359,0,0.7433333333333333
3367,0,0.9733333333333334
3376,0,0.85
3378,0,0.6866666666666666
3384,1,0.5966666666666667
3386,0,0.8366666666666667
3387,0,0.9066666666666666
3388,0,0.5833333333333334
3390,0,0.9233333333333333
3391,0,0.6366666666666667
3396,1,0.5066666666666667
3398,0,0.95
3404,0,0.97
3406,0,0.9466666666666667
3407,0,0.9466666666666667
3414,0,0.8433333333333334
3419,0,0.6533333333333333
3423,1,0.8433333333333334
3427,0,0.7533333333333333
3432,0,0.9033333333333333
3434,0,0.8833333333333333
3438,0,0.9433333333333334
3442,0,0.72
3443,0,0.93
3448,0,0.8433333333333334
3456,0,0.9
3464,0,0.8033333333333333
3470,1,0.7066666666666667
3475,0,0.6433333333333333
3477,0,0.56
3490,0,0.8333333333333334
3493,0,0.7166666666666667
3502,1,0.51
3508,0,0.7366666666666667
3516,0,0.7633333333333333
3517,0,0.5733333333333334
3525,0,0.58
3532,1,0.66
3535,0,0.5733333333333334
3536,1,0.5833333333333334
3540,0,0.7366666666666667
3547,0,0.5066666666666667
3550,1,0.5233333333333333
3557,1,0.7533333333333333
3562,0,0.7266666666666667
3563,0,0.8733333333333333
3564,0,0.6066666666666667
3570,0,0.8633333333333333
3573,1,0.6433333333333333
3577,0,0.5033333333333333
3579,1,0.6466666666666666
3581,0,0.8333333333333334
3587,0,0.8566666666666667
3602,0,0.56
3609,0,0.6833333333333333
3612,0,0.6266666666666667
3621,0,0.55
3642,0,0.7433333333333333
3647,1,0.5666666666666667
3649,0,0.5166666666666667
3654,1,0.56
3660,1,0.6566666666666666
3665,1,0.6833333333333333
3669,0,0.8266666666666667
3673,0,0.71
3675,0,0.6233333333333333
3678,0,0.7933333333333333
3680,1,0.5533333333333333
3686,1,0.63
3693,0,0.68
3710,1,0.72
3713,0,0.9566666666666667
3718,0,0.5966666666666667
3725,0,0.88
3726,0,0.5933333333333334
3747,0,0.6866666666666666
3753,0,0.9466666666666667
3754,1,0.62
3760,1,0.7166666666666667
3763,0,0.8866666666666667
3765,0,0.5966666666666667
3769,0,0.5966666666666667
3771,0,0.55
3784,0,0.8233333333333334
3787,0,0.7833333333333333
3794,0,0.7833333333333333
3796,0,0.9466666666666667
3798,0,0.8933333333333333
3809,0,0.65
3812,0,0.5133333333333333
3819,0,0.78
3828,1,0.5566666666666666
3831,0,0.7366666666666667
3833,0,0.8966666666666666
3837,1,0.79
3839,1,0.5266666666666666
3843,1,0.5733333333333334
3846,0,0.7733333333333333
3854,0,0.8933333333333333
3861,0,0.9533333333333334
3864,0,0.57
3868,0,0.8866666666666667
3869,0,0.92
3870,0,0.8166666666666667
3883,0,0.7333333333333333
3886,0,0.9533333333333334
3889,0,0.5366666666666666
3894,0,0.68
3907,0,0.9366666666666666
3910,0,0.7866666666666666
3913,0,0.83
3914,0,0.54
3921,1,0.5166666666666667
3923,0,0.91
3929,1,0.53
3931,1,0.5866666666666667
3932,0,0.5933333333333334
3937,1,0.62
3943,0,0.5966666666666667
3956,0,0.5766666666666667
3957,1,0.6066666666666667
3961,1,0.75
3971,0,0.8233333333333334
4004,0,0.7166666666666667
4005,0,0.91
4006,0,0.94
4011,0,0.8933333333333333
4013,0,0.82
4014,0,0.87
4016,0,0.6433333333333333
4017,0,0.9466666666666667
4020,0,0.9333333333333333
4022,0,0.8
4026,0,0.6
4032,0,0.87
4043,0,0.7666666666666667
4045,0,0.73
4048,0,0.86
4051,0,0.65
4052,0,0.5933333333333334
4056,0,0.9166666666666666
4059,0,0.9833333333333333
4069,0,0.9166666666666666
4074,1,0.53
4076,0,0.7233333333333334
4077,1,0.6466666666666666
4079,1,0.8533333333333334
4081,0,0.5133333333333333
4088,0,0.7366666666666667
4105,0,0.7933333333333333
4125,0,0.9433333333333334
4134,1,0.6066666666666667
4139,0,0.9533333333333334
4146,0,0.9066666666666666
4149,0,0.78
4151,1,0.6733333333333333
4155,0,0.8066666666666666
4157,0,0.8233333333333334
4168,1,0.5966666666666667
4170,0,0.5
4174,0,0.7733333333333333
4179,0,0.6333333333333333
4185,0,0.9333333333333333
4199,1,0.54
4205,0,0.9166666666666666
4208,0,0.93
4211,1,0.5666666666666667
4212,0,0.9666666666666667
4215,1,0.7333333333333333
4217,0,0.79
4219,1,0.8633333333333333
4226,1,0.6466666666666666
4227,1,0.5566666666666666
4229,0,0.7666666666666667
4231,0,0.7133333333333334
4233,0,0.98
4237,1,0.51
4243,0,0.53
4248,0,0.83
4255,0,0.79
4262,0,0.9533333333333334
4266,1,0.5366666666666666
4268,0,0.5466666666666666
4270,1,0.6866666666666666
4273,0,0.8933333333333333
4276,0,0.85
4277,0,0.8466666666666667
4279,0,0.73
4299,0,0.83
4313,0,0.9166666666666666
4322,0,0.8133333333333334
4324,0,0.9066666666666666
4328,0,0.5033333333333333
4331,0,0.6166666666666667
4335,0,0.76
4337,1,0.55
4338,0,0.6533333333333333
4343,0,0.9633333333333334
4347,0,0.91
4355,1,0.7366666666666667
4357,0,0.9466666666666667
4359,0,0.88
4362,0,0.69
4368,0,0.6566666666666666
4374,0,0.9866666666666667
4375,0,0.5033333333333333
4378,1,0.5233333333333333
4381,1,0.6566666666666666
4387,0,0.7766666666666666
4400,0,0.96
4423,0,0.7566666666666667
4424,0,0.9233333333333333
4428,0,0.5433333333333333
4433,1,0.78
4436,0,0.5166666666666667
4437,1,0.5133333333333333
4439,0,0.56
4449,0,0.64
4456,0,0.9466666666666667
4463,0,0.76
4467,0,0.9566666666666667
4468,0,0.9
4469,0,0.8866666666666667
4472,0,0.83
4473,0,0.9133333333333333
4476,1,0.7866666666666666
4500,0,0.9533333333333334
4509,0,0.5866666666666667
4513,1,0.7233333333333334
4521,0,0.75
4527,1,0.7066666666666667
4530,0,0.5466666666666666
4532,1,0.6966666666666667
4533,0,0.83
4535,0,0.67
4536,1,0.5966666666666667
4542,1,0.5166666666666667
4551,1,0.7666666666666667
4554,0,0.8733333333333333
4555,1,0.58
4564,0,0.7766666666666666
4572,1,0.7
4573,0,0.7633333333333333
4577,0,0.6066666666666667
4579,0,0.6766666666666666
4583,0,0.9533333333333334
4584,0,0.5166666666666667
4596,0,0.9533333333333334
4599,0,0.7
4607,1,0.5266666666666666
4609,0,0.5566666666666666
4610,0,0.9133333333333333
4616,1,0.55
4617,0,0.6233333333333333
4633,0,0.73
4638,0,0.5166666666666667
4641,0,0.8166666666666667
4653,1,0.6833333333333333
4655,0,0.5033333333333333
4659,1,0.5566666666666666
4669,0,0.9566666666666667
4678,0,0.8866666666666667
4685,1,0.57
4686,0,0.73
4691,0,0.6166666666666667
4695,0,0.7666666666666667
4698,0,0.6433333333333333
4700,0,0.5233333333333333
4711,0,0.68
4722,0,0.8966666666666666
4727,1,0.6
4756,0,0.95
4762,0,0.5133333333333333
4763,0,0.6233333333333333
4766,0,0.8833333333333333
4770,0,0.86
4784,0,0.6666666666666666
4791,0,0.9266666666666666
4795,0,0.94
4799,1,0.5433333333333333
4802,1,0.7166666666666667
4805,1,0.64
4814,1,0.6466666666666666
4816,1,0.7866666666666666
4817,0,0.9166666666666666
4822,0,0.7066666666666667
4827,0,0.61
4833,0,0.75
4836,0,0.81
4842,0,0.5766666666666667
4844,0,0.8
4845,1,0.51
4849,0,0.73
4850,0,0.5566666666666666
4860,0,0.9466666666666667
4863,0,0.6466666666666666
4871,0,0.71
4878,1,0.62
4881,0,0.5033333333333333
4888,1,0.6233333333333333
4900,0,0.6033333333333334
4906,1,0.6733333333333333
4909,0,0.92
4916,0,0.8066666666666666
4918,0,0.6166666666666667
4926,0,0.7
4928,0,0.7033333333333334
4941,0,0.5233333333333333
4946,0,0.83
4949,0,0.8433333333333334
4956,0,0.8966666666666666
4966,0,0.9066666666666666
4969,1,0.6033333333333334
4973,0,0.94
4978,1,0.57
4982,0,0.5566666666666666
4985,0,0.9766666666666667
4991,0,0.87
4998,0,0.95
5000,1,0.5833333333333334
5004,0,0.5933333333333334
5005,1,0.7333333333333333
5011,1,0.7633333333333333
5016,1,0.5666666666666667
5018,0,0.8666666666666667
5034,0,0.64
5038,0,0.71
5042,0,0.7433333333333333
5046,0,0.9366666666666666
5051,0,0.57
5054,0,0.7133333333333334
5057,0,0.54
5062,0,0.8933333333333333
5063,0,0.9533333333333334
5065,0,0.8866666666666667
5066,0,0.9266666666666666
5076,0,0.7866666666666666
5089,0,0.6533333333333333
5092,1,0.5166666666666667
5093,1,0.69
5094,0,0.8966666666666666
5098,1,0.79
5102,0,0.8966666666666666
5112,0,0.78
5117,1,0.6166666666666667
5127,1,0.72
5130,0,0.5533333333333333
5131,1,0.6233333333333333
5132,1,0.6466666666666666
5135,1,0.6766666666666666
5136,0,0.92
5147,0,0.5266666666666666
5157,0,0.9233333333333333
5160,0,0.7466666666666667
5165,0,0.89
5166,0,0.5166666666666667
5172,1,0.7
5173,0,0.7033333333333334
5179,1,0.6333333333333333
5184,1,0.6433333333333333
5187,0,0.55
5191,0,0.7866666666666666
5193,0,0.67
5194,0,0.7
5199,0,0.6066666666666667
5212,0,0.9833333333333333
5213,0,0.5866666666666667
5224,0,0.8633333333333333
5226,0,0.8433333333333334
5239,0,0.5
5252,1,0.6733333333333333
5264,0,0.7366666666666667
5266,0,0.9366666666666666
5271,0,0.9066666666666666
5273,0,0.9
5276,1,0.5233333333333333
5278,0,0.8133333333333334
5281,1,0.56
5283,0,0.5166666666666667
5291,0,0.7033333333333334
5294,0,0.5533333333333333
5296,0,0.5333333333333333
5297,1,0.69
5313,0,0.9833333333333333
5314,0,0.81
5321,0,0.6466666666666666
5325,0,0.94
5326,0,0.75
5328,0,0.9666666666666667
5334,0,0.8133333333333334
5338,1,0.6133333333333333
5344,0,0.84
5348,1,0.5733333333333334
5352,0,0.6866666666666666
5353,0,0.9233333333333333
5354,0,0.6733333333333333
5361,1,0.7166666666666667
5364,0,0.8533333333333334
5365,0,0.7933333333333333
5367,1,0.54
5379,0,0.74
5382,0,0.6366666666666667
5386,0,0.5066666666666667
5395,0,0.8833333333333333
5410,0,0.65
5411,0,0.67
5416,1,0.5966666666666667
5424,1,0.7866666666666666
5426,0,0.67
5428,0,0.6733333333333333
5430,0,0.5566666666666666
5433,0,0.7833333333333333
5437,0,0.9666666666666667
5440,0,0.73
5442,1,0.8566666666666667
5445,1,0.6466666666666666
5449,0,0.7133333333333334
5452,1,0.62
5460,0,0.5466666666666666
5461,0,0.7466666666666667
5465,0,0.5766666666666667
5467,0,0.73
5471,0,0.7633333333333333
5474,1,0.6966666666666667
5475,0,0.9233333333333333
5480,0,0.8066666666666666
5481,0,0.6466666666666666
5484,0,0.79
5494,0,0.62
5495,1,0.73
5497,0,0.96
5499,0,0.5533333333333333
5507,0,0.8833333333333333
5510,0,0.91
5515,0,0.7533333333333333
5516,0,0.7333333333333333
5517,0,0.8433333333333334
5524,0,0.9266666666666666
5530,0,0.84
5534,0,0.55
5543,0,0.56
5545,1,0.6
5558,0,0.6766666666666666
5562,0,0.7266666666666667
5573,1,0.6966666666666667
5581,0,0.8633333333333333
5583,1,0.64
5587,1,0.5333333333333333
5589,1,0.7866666666666666
5591,0,0.9533333333333334
5596,0,0.5733333333333334
5606,1,0.7166666666666667
5608,0,0.63
5611,0,0.6033333333333334
5612,0,0.5066666666666667
5614,0,0.6233333333333333
5620,0,0.98
5623,0,0.7966666666666666
5624,0,0.9066666666666666
5626,0,0.68
5633,0,0.65
5635,0,0.92
5640,0,0.5533333333333333
5643,0,0.8533333333333334
5644,1,0.5233333333333333
5653,1,0.5733333333333334
5663,0,0.9733333333333334
5664,1,0.66
5667,1,0.5433333333333333
5671,1,0.6533333333333333
5673,1,0.6433333333333333
5676,0,0.7366666666666667
5678,0,0.72
5698,0,0.7033333333333334
5700,0,0.83
5705,0,0.5566666666666666
5706,1,0.6933333333333334
5711,0,0.9166666666666666
5712,1,0.7466666666666667
5716,0,0.7833333333333333
5719,0,0.5666666666666667
5725,1,0.7033333333333334
5728,0,0.82
5734,0,0.6766666666666666
5735,0,0.93
5743,0,0.5533333333333333
5754,0,0.7833333333333333
5755,1,0.7366666666666667
5756,0,0.9033333333333333
5766,0,0.9366666666666666
5770,1,0.5666666666666667
5774,0,0.6766666666666666
5775,0,0.83
5776,0,0.8
5778,0,0.9833333333333333
5786,1,0.5433333333333333
5787,0,0.6266666666666667
5791,0,0.57
5794,0,0.5933333333333334
5803,0,0.69
5804,0,0.65
5808,0,0.7366666666666667
5810,0,0.9066666666666666
5813,1,0.71
5828,0,0.9266666666666666
5839,1,0.5066666666666667
5842,0,0.6033333333333334
5843,0,0.9066666666666666
5844,0,0.6066666666666667
5847,1,0.6766666666666666
5851,0,0.89
5854,0,0.8166666666666667
5857,0,0.9133333333333333
5866,1,0.5666666666666667
5874,0,0.65
5886,0,0.8433333333333334
5895,0,0.6666666666666666
5897,0,0.8366666666666667
5898,0,0.5833333333333334
5900,1,0.6233333333333333
5902,0,0.5933333333333334
5908,1,0.6566666666666666
5909,0,0.9333333333333333
5912,0,0.9633333333333334
5913,0,0.8533333333333334
5917,0,0.7066666666666667
5918,1,0.74
5921,0,0.7433333333333333
5931,1,0.5066666666666667
5942,0,0.54
5943,1,0.54
5950,0,0.97
5954,0,0.93
5983,0,0.9466666666666667
5995,1,0.73
6002,0,0.6733333333333333
6005,0,0.9
6009,0,0.58
6011,0,0.91
6012,0,0.8333333333333334
6019,0,0.79
6021,0,0.7433333333333333
6029,1,0.7333333333333333
6036,0,0.52
6037,0,0.9666666666666667
6038,0,0.96
6043,0,0.9233333333333333
6045,0,0.68
6047,1,0.5166666666666667
6048,0,0.99
6061,0,0.5266666666666666
6063,0,0.76
6064,0,0.88
6068,1,0.6266666666666667
6069,0,0.88
6070,1,0.5866666666666667
6071,0,0.65
6074,0,0.6466666666666666
6079,0,0.67
6082,0,0.94
6088,1,0.7566666666666667
6094,0,0.71
6095,1,0.55
6098,0,0.5366666666666666
6102,0,0.9466666666666667
6105,0,0.5733333333333334
6113,0,0.9733333333333334
6116,0,0.5666666666666667
6120,0,0.62
6121,0,0.56
6126,0,0.8
6144,0,0.8433333333333334
6145,0,0.95
6153,0,0.6
6156,0,0.82
6159,0,0.57
6162,0,0.5633333333333334
6184,1,0.55
6188,0,0.6666666666666666
6189,0,0.6866666666666666
6191,0,0.56
6211,1,0.5933333333333334
6216,0,0.8233333333333334
6218,1,0.7433333333333333
6222,0,0.57
6235,0,0.7533333333333333
6245,0,0.7266666666666667
6248,1,0.63
6253,0,0.6333333333333333
6256,0,0.9766666666666667
6257,0,0.6433333333333333
6259,0,0.5466666666666666
6266,0,0.6733333333333333
6268,0,0.71
6275,0,0.6466666666666666
6280,1,0.8266666666666667
6283,0,0.5166666666666667
6288,0,0.96
6289,0,0.87
6301,0,0.9566666666666667
6308,0,0.7366666666666667
6314,0,0.9733333333333334
6315,0,0.8266666666666667
6316,1,0.6233333333333333
6317,1,0.7233333333333334
6318,0,0.9633333333333334
6323,1,0.6
6329,1,0.5366666666666666
6336,0,0.7366666666666667
6341,1,0.7666666666666667
6348,0,0.7366666666666667
6349,0,0.97
6365,0,0.93
6372,0,0.59
6376,0,0.95
6378,0,0.9066666666666666
6379,1,0.8066666666666666
6382,0,0.7266666666666667
6383,1,0.6666666666666666
6389,1,0.7633333333333333
6390,0,0.8533333333333334
6392,0,0.9333333333333333
6394,1,0.6366666666666667
6402,0,0.86
6404,0,0.69
6405,0,0.9333333333333333
6406,0,0.6033333333333334
6409,0,0.9033333333333333
6410,0,0.7633333333333333
6411,0,0.8633333333333333
6421,0,0.75
6428,0,0.55
6429,0,0.6333333333333333
6432,0,0.7933333333333333
6436,0,0.98
6437,0,0.6866666666666666
6438,0,0.6266666666666667
6445,0,0.7933333333333333
6447,1,0.6366666666666667
6450,0,0.8766666666666667
6462,0,0.8333333333333334
6467,1,0.7666666666666667
6478,0,0.9766666666666667
6484,0,0.7733333333333333
6492,0,0.6466666666666666
6497,0,0.8233333333333334
6504,0,0.57
6505,0,0.6466666666666666
6513,1,0.6533333333333333
6525,0,0.6233333333333333
6526,0,0.6633333333333333
6528,0,0.7766666666666666
6540,0,0.96
6542,0,0.92
6544,0,0.6166666666666667
6548,0,0.9266666666666666
6552,0,0.89
6558,0,0.9833333333333333
6567,0,0.9266666666666666
6569,1,0.6233333333333333
6572,0,0.9233333333333333
6577,0,0.88
6581,0,0.7933333333333333
6588,0,0.64
6591,1,0.7
6594,0,0.6366666666666667
6600,0,0.54
6602,0,0.86
6604,0,0.7166666666666667
6605,0,0.9266666666666666
6614,0,0.6433333333333333
6616,0,0.6533333333333333
6621,1,0.5366666666666666
6640,0,0.7466666666666667
6641,1,0.5133333333333333
6643,0,0.9
6644,0,0.6566666666666666
6649,1,0.6033333333333334
6650,1,0.5766666666666667
6655,1,0.6933333333333334
6661,0,0.9766666666666667
6672,0,0.66
6677,0,0.6733333333333333
6688,0,0.8666666666666667
6689,0,0.8133333333333334
6691,0,0.9566666666666667
6692,1,0.5366666666666666
6694,1,0.7733333333333333
6702,1,0.64
6714,0,0.8333333333333334
6716,1,0.6166666666666667
6724,0,0.82
6725,0,0.93
6730,0,0.72
6735,0,0.5233333333333333
6738,1,0.6566666666666666
6739,0,0.6366666666666667
6743,0,0.6566666666666666
6747,0,0.9233333333333333
6750,1,0.8333333333333334
6751,1,0.6666666666666666
6753,1,0.51
6754,1,0.5633333333333334
6755,0,0.8133333333333334
6762,0,0.5
6764,0,0.6866666666666666
6772,1,0.8033333333333333
6774,0,0.91
6787,0,0.7533333333333333
6789,0,0.9566666666666667
6793,0,0.7466666666666667
6798,0,0.85
6799,0,0.9666666666666667
6800,0,0.8833333333333333
6802,0,0.9766666666666667
6808,0,0.5466666666666666
6809,0,0.7166666666666667
6812,0,0.99
6814,1,0.7966666666666666
6816,1,0.73
6822,0,0.5833333333333334
6829,1,0.51
6834,1,0.8933333333333333
6836,0,0.9
6839,0,0.8133333333333334
6840,0,0.57
6843,0,0.9033333333333333
6846,0,0.6066666666666667
6848,0,0.98
6852,0,0.8966666666666666
6856,0,0.57
6860,0,0.8633333333333333
6866,0,0.5133333333333333
6870,0,0.59
6878,1,0.5366666666666666
6880,0,0.79
6885,0,0.7633333333333333
6897,0,0.9533333333333334
6902,1,0.7633333333333333
6904,1,0.5766666666666667
6907,0,0.9733333333333334
6909,0,0.8066666666666666
6914,1,0.53
6915,1,0.6133333333333333
6922,1,0.62
6924,0,0.81
6933,0,0.9066666666666666
6934,0,0.8333333333333334
6941,1,0.5033333333333333
6957,0,0.6233333333333333
6960,0,0.78
6969,0,0.95
6975,0,0.8966666666666666
6980,1,0.6433333333333333
6983,0,0.79
6987,0,0.9166666666666666
6994,0,0.9433333333333334
6997,0,0.8566666666666667
7002,0,0.93
7010,0,0.9433333333333334
7015,0,0.65
7019,0,0.5966666666666667
7022,0,0.6433333333333333
7025,0,0.9766666666666667
7029,0,0.9766666666666667
7031,0,0.6266666666666667
7037,0,0.54
7038,0,0.7333333333333333
7043,0,0.9433333333333334
7049,0,0.79
7052,0,0.5766666666666667
7053,0,0.6433333333333333
7056,0,0.98
7057,1,0.6
7080,0,0.6333333333333333
7086,0,0.7033333333333334
7087,0,0.8666666666666667
7105,1,0.5566666666666666
7108,0,0.94
7121,1,0.5333333333333333
7122,0,0.78
7125,0,0.5133333333333333
7132,0,0.56
7134,0,0.8733333333333333
7151,0,0.6133333333333333
7152,1,0.7566666666666667
7157,0,0.78
7159,0,0.7666666666666667
7166,1,0.7033333333333334
7167,0,0.84
7177,0,0.9033333333333333
7179,1,0.7133333333333334
7181,1,0.5833333333333334
7183,0,0.7666666666666667
7186,0,0.9533333333333334
7193,0,0.8566666666666667
7205,0,0.9333333333333333
7207,0,0.83
7209,0,0.5133333333333333
7216,0,0.7466666666666667
7232,1,0.64
7235,0,0.7633333333333333
7238,0,0.66
7240,1,0.5666666666666667
7243,0,0.52
7252,0,0.6066666666666667
7269,0,0.5933333333333334
7275,0,0.96
7281,0,0.7933333333333333
7283,0,0.9066666666666666
7287,0,0.85
7289,1,0.5566666666666666
7291,0,0.64
7294,0,0.96
7304,0,0.5366666666666666
7308,0,0.6233333333333333
7313,0,0.7966666666666666
7319,1,0.65
7325,0,0.84
7326,0,0.93
7330,0,0.5133333333333333
7332,0,0.95
7337,0,0.6266666666666667
7341,0,0.6166666666666667
7346,0,0.6233333333333333
7353,1,0.6766666666666666
7354,1,0.7466666666666667
7361,1,0.5366666666666666
7366,1,0.5366666666666666
7368,0,0.91
7372,0,0.93
7375,1,0.59
7377,1,0.6133333333333333
7380,0,0.86
7382,1,0.6066666666666667
7385,1,0.71
7392,1,0.79
7395,0,0.9566666666666667
7397,0,0.6233333333333333
7403,0,0.8966666666666666
7406,0,0.51
7409,1,0.6933333333333334
7410,0,0.7666666666666667
7412,0,0.96
7419,0,0.72
7425,0,0.8966666666666666
7435,0,0.7833333333333333
7438,0,0.6066666666666667
7440,0,0.7366666666666667
7447,0,0.58
7449,1,0.5933333333333334
7456,0,0.77
7464,0,0.87
7478,0,0.6666666666666666
7480,0,0.89
7481,0,0.5566666666666666
7483,0,0.7333333333333333
7484,0,0.85
7491,0,0.53
7494,0,0.59
7501,1,0.5733333333333334
7503,1,0.71
7509,0,0.68
7517,0,0.8933333333333333
7518,0,0.7666666666666667
7519,0,0.75
7521,1,0.6333333333333333
7522,1,0.6466666666666666
7536,0,0.9
7539,0,0.91
7547,0,0.51
7549,0,0.9633333333333334
7552,1,0.59
7554,0,0.5466666666666666
7556,0,0.8933333333333333
7564,0,0.83
7566,0,0.7066666666666667
7570,0,0.6933333333333334
7571,0,0.96
7572,0,0.7066666666666667
7575,0,0.9233333333333333
7586,0,0.9633333333333334
7589,0,0.8866666666666667
7590,0,0.9366666666666666
7597,0,0.7366666666666667
7602,0,0.97
7604,0,0.6066666666666667
7605,1,0.62
7612,1,0.87
7615,0,0.7566666666666667
7617,0,0.8433333333333334
7624,0,0.9233333333333333
7632,0,0.7933333333333333
7639,0,0.54
7642,0,0.6733333333333333
7643,0,0.6933333333333334
7649,0,0.5966666666666667
7650,0,0.63
7653,0,0.7
7654,1,0.54
7657,1,0.76
7662,0,0.6266666666666667
7669,1,0.6233333333333333
7671,0,0.9366666666666666
7675,0,0.9266666666666666
7678,0,0.6033333333333334
7682,1,0.6833333333333333
7688,1,0.62
7689,0,0.7266666666666667
7690,0,0.75
7692,1,0.7533333333333333
7699,0,0.6166666666666667
7705,1,0.73
7712,0,0.8633333333333333
7726,1,0.6533333333333333
7728,0,0.66
7735,0,0.6066666666666667
7737,1,0.82
7739,0,0.9566666666666667
7743,1,0.5833333333333334
7744,0,0.6166666666666667
7746,1,0.5033333333333333
7749,0,0.72
7750,1,0.55
7752,0,0.9433333333333334
7755,0,0.7833333333333333
7756,1,0.8133333333333334
7762,0,0.8733333333333333
7764,1,0.5933333333333334
7769,0,0.9466666666666667
7770,0,0.5433333333333333
7776,0,0.8166666666666667
7778,1,0.6366666666666667
7784,0,0.5166666666666667
7786,0,0.6933333333333334
7789,0,0.8933333333333333
7793,1,0.5033333333333333
7794,0,0.9166666666666666
7804,0,0.7933333333333333
7811,0,0.7933333333333333
7813,0,0.6
7815,0,0.5933333333333334
7817,0,0.9233333333333333
7818,0,0.6233333333333333
7821,0,0.7833333333333333
7825,0,0.97
7830,0,0.5766666666666667
7832,0,0.6966666666666667
7835,0,0.9533333333333334
7839,0,0.7733333333333333
7842,0,0.9466666666666667
7849,1,0.5266666666666666
7856,0,0.6466666666666666
7857,0,0.98
7863,0,0.77
7866,0,0.8166666666666667
7871,0,0.83
7875,1,0.6633333333333333
7882,1,0.54
7887,1,0.6266666666666667
7888,1,0.64
7891,1,0.7
7895,0,0.9533333333333334
7901,1,0.5266666666666666
7906,0,0.6666666666666666
7908,1,0.8066666666666666
7917,0,0.7933333333333333
7924,1,0.6166666666666667
7948,0,0.5733333333333334
7950,1,0.7433333333333333
7955,0,0.8433333333333334
7957,0,0.9466666666666667
7959,0,0.72
7967,0,0.9633333333333334
7969,0,0.57
7971,0,0.7
7974,0,0.5133333333333333
7976,0,0.96
7986,1,0.7733333333333333
7987,1,0.7533333333333333
7993,0,0.5633333333333334
7996,1,0.5033333333333333
7998,0,0.7366666666666667
8018,0,0.8866666666666667
8019,0,0.5333333333333333
8027,0,0.9366666666666666
8036,0,0.9366666666666666
8040,0,0.8566666666666667
8044,0,0.89
8050,0,0.7766666666666666
8052,0,0.5866666666666667
8054,1,0.68
8057,1,0.84
8058,0,0.91
8059,1,0.53
8066,1,0.7233333333333334
8070,0,0.7233333333333334
8072,1,0.5066666666666667
8078,0,0.91
8079,0,0.8233333333333334
8080,1,0.5566666666666666
8081,0,0.8366666666666667
8088,0,0.92
8091,1,0.68
8094,0,0.8233333333333334
8095,1,0.7133333333333334
8099,0,0.9033333333333333
8101,1,0.52
8102,0,0.9466666666666667
8116,1,0.61
8125,0,0.7733333333333333
8134,1,0.5633333333333334
8139,0,0.9366666666666666
8141,0,0.6033333333333334
8147,0,0.9266666666666666
8158,0,0.5666666666666667
8160,0,0.8866666666666667
8165,0,0.5333333333333333
8187,0,0.71
8205,0,0.7733333333333333
8209,0,0.67
8211,0,0.5833333333333334
8232,0,0.9933333333333333
8236,0,0.7533333333333333
8237,0,0.6666666666666666
8238,1,0.82
8245,1,0.61
8256,0,0.5966666666666667
8268,0,0.98
8269,0,0.96
8270,0,0.73
8286,0,0.67
8289,0,0.8233333333333334
8301,0,0.6966666666666667
8305,0,0.7333333333333333
8310,0,0.5966666666666667
8312,0,0.97
8318,1,0.87
8321,0,0.77
8328,0,0.94
8331,0,0.9633333333333334
8334,0,0.5866666666666667
8344,0,0.75
8345,0,0.8366666666666667
8352,0,0.6
8358,0,0.62
8359,1,0.5166666666666667
8360,0,0.9033333333333333
8365,0,0.7966666666666666
8366,0,0.7766666666666666
8369,1,0.6566666666666666
8373,0,0.92
8378,0,0.8066666666666666
8392,0,0.78
8397,1,0.6266666666666667
8399,0,0.6966666666666667
8400,0,0.6766666666666666
8405,1,0.5133333333333333
8406,0,0.85
8410,0,0.8133333333333334
8413,0,0.7633333333333333
8414,0,0.61
8416,1,0.6866666666666666
8426,0,0.9166666666666666
8434,0,0.69
8439,0,0.8133333333333334
8440,0,0.7433333333333333
8475,0,0.91
8480,0,0.6166666666666667
8497,0,0.5466666666666666
8499,1,0.6633333333333333
8500,0,0.5133333333333333
8501,0,0.9433333333333334
8502,1,0.5233333333333333
8518,0,0.5433333333333333
8520,0,0.51
8523,0,0.69
8525,0,0.78
8532,0,0.93
8535,0,0.5366666666666666
8543,1,0.5066666666666667
8554,0,0.5533333333333333
8560,0,0.8633333333333333
8561,0,0.5433333333333333
8563,0,0.8966666666666666
8566,1,0.6166666666666667
8570,1,0.59
8572,0,0.7966666666666666
8582,0,0.6333333333333333
8583,1,0.51
8587,0,0.5966666666666667
8592,0,0.6
8593,0,0.5166666666666667
8607,0,0.8133333333333334
8609,0,0.6933333333333334
8610,0,0.87
8614,1,0.6
8616,0,0.5266666666666666
8622,0,0.59
8623,0,0.7666666666666667
8624,0,0.67
8633,0,0.66
8641,0,0.6633333333333333
8644,1,0.6233333333333333
8649,1,0.5533333333333333
8653,0,0.9233333333333333
8657,0,0.87
8658,0,0.6333333333333333
8663,0,0.9
8672,1,0.5133333333333333
8680,0,0.73
8684,0,0.6766666666666666
8687,0,0.8566666666666667
8688,0,0.8466666666666667
8690,0,0.7966666666666666
8712,0,0.5533333333333333
8717,0,0.7666666666666667
8730,0,0.9266666666666666
8739,0,0.71
8744,0,0.8266666666666667
8747,0,0.5433333333333333
8748,0,0.6133333333333333
8751,1,0.65
8758,0,0.6733333333333333
8761,0,0.68
8763,0,0.9633333333333334
8764,1,0.8166666666666667
8765,0,0.6733333333333333
8773,0,0.7666666666666667
8780,0,0.8966666666666666
8781,0,0.6666666666666666
8782,1,0.5666666666666667
8785,0,0.82
8786,0,0.7166666666666667
8797,1,0.6233333333333333
8799,0,0.8666666666666667
8807,1,0.7633333333333333
8816,0,0.97
8817,0,0.68
8826,1,0.6066666666666667
8833,0,0.86
8834,0,0.9666666666666667
8835,0,0.91
8840,0,0.77
8843,0,0.9233333333333333
8849,0,0.6666666666666666
8855,0,0.9066666666666666
8861,0,0.72
8862,0,0.84
8865,0,0.7566666666666667
8868,0,0.95
8870,0,0.98
8880,0,0.6
8885,0,0.9466666666666667
8894,0,0.7933333333333333
8895,0,0.8766666666666667
8899,0,0.84
8912,0,0.5366666666666666
8922,0,0.96
8924,0,0.7133333333333334
8928,0,0.7333333333333333
8932,0,0.5966666666666667
8943,0,0.7766666666666666
8945,0,0.7633333333333333
8946,0,0.8866666666666667
8954,1,0.5133333333333333
8958,1,0.65
8960,1,0.5266666666666666
8965,0,0.51
8966,0,0.8833333333333333
8967,0,0.8366666666666667
8969,0,0.55
8980,0,0.8133333333333334
8984,0,0.9333333333333333
8985,1,0.7633333333333333
8988,1,0.53
8989,0,0.7133333333333334
8995,0,0.7533333333333333
9004,0,0.9733333333333334
9010,0,0.9166666666666666
9012,0,0.7333333333333333
9018,0,0.5033333333333333
9036,0,0.6633333333333333
9037,0,0.6466666666666666
9040,0,0.7333333333333333
9041,0,0.62
9044,0,0.6033333333333334
9045,0,0.9133333333333333
9047,0,0.58
9049,0,0.96
9061,0,0.98
9062,0,0.6233333333333333
9076,0,0.61
9079,0,0.66
9081,0,0.56
9082,0,0.7533333333333333
9089,1,0.7266666666666667
9092,0,0.7566666666666667
9094,0,0.5533333333333333
9115,0,0.9366666666666666
9117,0,0.5566666666666666
9118,0,0.67
9120,0,0.9033333333333333
9124,0,0.96
9128,0,0.7666666666666667
9135,0,0.5766666666666667
9136,1,0.85
9138,1,0.5766666666666667
9157,1,0.5866666666666667
9176,0,0.97
9183,0,0.6733333333333333
9187,0,0.56
9188,0,0.55
9190,0,0.8366666666666667
9197,0,0.95
9200,0,0.8666666666666667
9201,0,0.7833333333333333
9203,0,0.9633333333333334
9212,1,0.5666666666666667
9213,0,0.9
9214,0,0.6433333333333333
9217,0,0.6533333333333333
9219,0,0.95
9220,0,0.6166666666666667
9221,0,0.6333333333333333
9237,0,0.9633333333333334
9240,0,0.7833333333333333
9241,0,0.9633333333333334
9248,0,0.5666666666666667
9253,1,0.5866666666666667
9259,0,0.5466666666666666
9267,0,0.9233333333333333
9271,1,0.6066666666666667
9273,0,0.6566666666666666
9285,0,0.9933333333333333
9290,0,0.8066666666666666
9291,0,0.8833333333333333
9293,0,0.8366666666666667
9294,0,0.91
9301,0,0.8233333333333334
9302,0,0.7266666666666667
9312,0,0.8033333333333333
9316,0,0.53
9319,1,0.64
9328,0,0.91
9331,1,0.73
9338,0,0.89
9350,0,0.65
9356,0,0.86
9359,1,0.5333333333333333
9362,1,0.53
9364,0,0.8666666666666667
9370,1,0.6466666666666666
9380,0,0.7966666666666666
9386,0,0.7633333333333333
9394,0,0.8033333333333333
9407,1,0.5766666666666667
9411,0,0.5133333333333333
9422,0,0.6033333333333334
9423,0,0.6766666666666666
9429,0,0.7166666666666667
9433,0,0.8
9439,0,0.91
9451,0,0.5433333333333333
9452,0,0.5333333333333333
9453,0,0.95
9460,0,0.9266666666666666
9465,0,0.9233333333333333
9470,0,0.93
9476,0,0.5233333333333333
9485,1,0.7133333333333334
9486,0,0.88
9488,0,0.5766666666666667
9507,0,0.98
9508,1,0.5266666666666666
9517,0,0.53
9521,0,0.86
9528,0,0.8066666666666666
9532,0,0.68
9536,0,0.82
9540,0,0.6466666666666666
9542,0,0.6
9546,0,0.65
9548,0,0.69
9549,0,0.9466666666666667
9554,0,0.8133333333333334
9555,1,0.5233333333333333
9558,0,0.8933333333333333
9573,1,0.7666666666666667
9575,0,0.5133333333333333
9584,0,0.5166666666666667
9586,0,0.8066666666666666
9588,0,0.92
9591,0,0.5766666666666667
9592,1,0.6333333333333333
9597,0,0.6333333333333333
9600,0,0.63
9603,1,0.5333333333333333
9605,0,0.67
9614,1,0.6166666666666667
9616,0,0.87
9622,1,0.6066666666666667
9624,0,0.6833333333333333
9629,0,0.5433333333333333
9633,0,0.9533333333333334
9640,0,0.6366666666666667
9644,1,0.53
9645,1,0.6833333333333333
9646,0,0.88
9648,1,0.8
9649,0,0.92
9660,0,0.5866666666666667
9664,1,0.6066666666666667
9675,0,0.99
9679,1,0.72
9680,1,0.5566666666666666
9682,0,0.6566666666666666
9697,0,0.9433333333333334
9701,0,0.7866666666666666
9704,0,0.5033333333333333
9705,0,0.6566666666666666
9707,0,0.6833333333333333
9714,0,0.8866666666666667
9718,0,0.66
9722,0,0.83
9739,0,0.8566666666666667
9747,1,0.73
9751,0,0.8066666666666666
9757,0,0.7166666666666667
9759,0,0.9566666666666667
9760,0,0.9533333333333334
9764,0,0.6333333333333333
9776,0,0.6266666666666667
9778,0,0.5366666666666666
9786,0,0.96
9803,1,0.6366666666666667
9804,0,0.76
9815,0,0.8233333333333334
9824,0,0.96
9825,0,0.8466666666666667
9826,1,0.53
9827,0,0.96
9833,0,0.85
9835,0,0.8766666666666667
9860,0,0.5866666666666667
9865,0,0.67
9871,0,0.7933333333333333
9874,0,0.7333333333333333
9880,0,0.5533333333333333
9882,0,0.5666666666666667
9885,0,0.8766666666666667
9888,1,0.5933333333333334
9892,0,0.8933333333333333
9893,0,0.64
9896,0,0.67
9902,0,0.9266666666666666
9906,0,0.6366666666666667
9910,0,0.6733333333333333
9914,0,0.6933333333333334
9918,1,0.7433333333333333
9920,0,0.6166666666666667
9926,0,0.68
9931,0,0.85
9935,1,0.57
9945,1,0.74
9953,0,0.6233333333333333
9957,0,0.9833333333333333
9963,0,0.92
9972,0,0.67
9976,0,0.5166666666666667
9979,0,0.71
9980,0,0.9133333333333333
9982,0,0.93
9991,1,0.7966666666666666
10000,0,0.5166666666666667
10003,0,0.68
10005,1,0.7433333333333333
10014,0,0.95
10032,1,0.5166666666666667
10034,0,0.8
10041,0,0.97
10042,0,0.9733333333333334
10044,0,0.8766666666666667
10045,0,0.6366666666666667
10054,1,0.6133333333333333
10061,0,0.88
10062,1,0.5966666666666667
10073,0,0.6466666666666666
10081,0,0.9333333333333333
10084,0,0.6733333333333333
10086,0,0.6966666666666667
10093,1,0.5166666666666667
10101,1,0.62
10105,0,0.6166666666666667
10110,1,0.58
10113,1,0.6766666666666666
10115,1,0.6333333333333333
10119,1,0.73
10121,1,0.6466666666666666
10124,1,0.8333333333333334
10126,0,0.5166666666666667
10127,0,0.9233333333333333
10145,0,0.58
10147,1,0.5833333333333334
10148,0,0.98
10162,0,0.59
10163,0,0.7466666666666667
10166,1,0.6766666666666666
10172,0,0.8
10173,0,0.5433333333333333
10175,0,0.9533333333333334
10180,0,0.85
10186,0,0.9233333333333333
10192,0,0.5
10199,1,0.6066666666666667
10209,1,0.7333333333333333
10210,0,0.82
10214,0,0.75
10215,1,0.5533333333333333
10216,1,0.7733333333333333
10232,0,0.5933333333333334
10239,0,0.64
10249,0,0.6133333333333333
10253,1,0.53
10255,0,0.7833333333333333
10262,0,0.8366666666666667
10264,0,0.93
10266,0,0.76
10268,0,0.8933333333333333
10271,0,0.8633333333333333
10272,1,0.5466666666666666
10276,0,0.6833333333333333
10277,0,0.96
10279,1,0.56
10281,0,0.95
10285,0,0.91
10294,0,0.66
10300,0,0.6666666666666666
